metrica,valor
acuracia,0.8858695652173914
precisao,0.8857142857142857
recall,0.9117647058823529
f1,0.8985507246376812
auc,0.9329268292682926
n_test,184.0
